CaseID,GroundTruth,PatientPrompt,PredictedDiagnosis
1,Fungal infection,"Patient presents with itching, skin rash, nodal skin eruptions, dischromic, and  patches. Please determine the most likely diagnosis and explain your reasoning.",Tinea versicolor
2,Allergy,"Patient presents with continuous sneezing, shivering, chills, and watering from eyes. Please determine the most likely diagnosis and explain your reasoning.",Nonallergic rhinitis (vasomotor rhinitis)
3,GERD,"Patient presents with stomach pain, acidity, ulcers on tongue, vomiting, cough, and chest pain. Please determine the most likely diagnosis and explain your reasoning.",Peptic Ulcer Disease (PUD)
4,Chronic cholestasis,"Patient presents with itching, vomiting, yellowish skin, nausea, loss of appetite, abdominal pain, and yellowing of eyes. Please determine the most likely diagnosis and explain your reasoning.",Obstructive Jaundice due to Choledocholithiasis
5,Drug Reaction,"Patient presents with itching, skin rash, stomach pain, burning micturition, spotting , and urination. Please determine the most likely diagnosis and explain your reasoning.",Allergic reaction (likely drug-induced) with secondary urinary tract irritation or infection.
6,Peptic ulcer diseae,"Patient presents with vomiting, loss of appetite, abdominal pain, passage of gases, and internal itching. Please determine the most likely diagnosis and explain your reasoning.","Intestinal parasitic infection (e.g., giardiasis or ascariasis)"
7,AIDS,"Patient presents with muscle wasting, patches in throat, high fever, and extra marital contacts. Please determine the most likely diagnosis and explain your reasoning.",HIV/AIDS (likely with oral candidiasis and systemic opportunistic infection)
8,Diabetes ,"Patient presents with fatigue, weight loss, restlessness, lethargy, irregular sugar level, blurred and distorted vision, obesity, excessive hunger, increased appetite, and polyuria. Please determine the most likely diagnosis and explain your reasoning.",** Type 2 Diabetes Mellitus
9,Gastroenteritis,"Patient presents with vomiting, sunken eyes, dehydration, and diarrhoea. Please determine the most likely diagnosis and explain your reasoning.","Food poisoning (e.g., Staphylococcus aureus or Bacillus cereus toxin-mediated) with moderate dehydration."
10,Bronchial Asthma,"Patient presents with fatigue, cough, high fever, breathlessness, family history, and mucoid sputum. Please determine the most likely diagnosis and explain your reasoning.",Acute Bronchitis (Viral Etiology)
11,Hypertension ,"Patient presents with headache, chest pain, dizziness, loss of balance, and lack of concentration. Please determine the most likely diagnosis and explain your reasoning.",Iron Deficiency Anemia
12,Migraine,"Patient presents with acidity, indigestion, headache, blurred and distorted vision, excessive hunger, stiff neck, depression, irritability, and visual disturbances. Please determine the most likely diagnosis and explain your reasoning.",Migraine with Aura
13,Cervical spondylosis,"Patient presents with back pain, weakness in limbs, neck pain, dizziness, and loss of balance. Please determine the most likely diagnosis and explain your reasoning.",Vitamin B12 deficiency (subacute combined degeneration of the spinal cord)
14,Paralysis (brain hemorrhage),"Patient presents with vomiting, headache, weakness of one body side, and altered sensorium. Please determine the most likely diagnosis and explain your reasoning.",Intracerebral hemorrhage (ICH) with mass effect
15,Jaundice,"Patient presents with itching, vomiting, fatigue, weight loss, high fever, yellowish skin, dark urine, and abdominal pain. Please determine the most likely diagnosis and explain your reasoning.","**Acute Hepatitis (likely viral hepatitis, such as Hepatitis A, B, or C).**"
16,Malaria,"Patient presents with chills, vomiting, high fever, sweating, headache, nausea, and muscle pain. Please determine the most likely diagnosis and explain your reasoning.",Influenza (flu)
17,Chicken pox,"Patient presents with itching, skin rash, fatigue, lethargy, high fever, headache, loss of appetite, mild fever, swelled lymph nodes, malaise, and red spots over body. Please determine the most likely diagnosis and explain your reasoning.",Final Diagnosis: Drug Reaction with Eosinophilia and Systemic Symptoms (DRESS)
18,Dengue,"Patient presents with skin rash, chills, joint pain, vomiting, fatigue, high fever, headache, nausea, loss of appetite, pain behind the eyes, back pain, muscle pain, and red spots over body. Please determine the most likely diagnosis and explain your reasoning.",Dengue fever
19,Typhoid,"Patient presents with chills, vomiting, fatigue, high fever, nausea, constipation, abdominal pain, diarrhoea, toxic look (typhos), and belly pain. Please determine the most likely diagnosis and explain your reasoning.",Typhoid fever
20,hepatitis A,"Patient presents with joint pain, vomiting, yellowish skin, dark urine, nausea, loss of appetite, abdominal pain, diarrhoea, mild fever, yellowing of eyes, and muscle pain. Please determine the most likely diagnosis and explain your reasoning.",**Acute Viral Hepatitis (Hepatitis A or E)**
21,Hepatitis B,"Patient presents with itching, fatigue, lethargy, yellowish skin, dark urine, loss of appetite, abdominal pain, yellow urine, yellowing of eyes, malaise, receiving blood transfusion, and receiving unsterile injections. Please determine the most likely diagnosis and explain your reasoning.",Hepatitis B virus (HBV) infection
22,Hepatitis C,"Patient presents with fatigue, yellowish skin, nausea, loss of appetite, and family history. Please determine the most likely diagnosis and explain your reasoning.",Hereditary hemochromatosis
23,Hepatitis D,"Patient presents with joint pain, vomiting, fatigue, yellowish skin, dark urine, nausea, loss of appetite, abdominal pain, and yellowing of eyes. Please determine the most likely diagnosis and explain your reasoning.","Acute Viral Hepatitis (e.g., Hepatitis A, B, or C)"
24,Hepatitis E,"Patient presents with joint pain, vomiting, fatigue, high fever, yellowish skin, dark urine, nausea, loss of appetite, abdominal pain, yellowing of eyes, coma, and stomach bleeding. Please determine the most likely diagnosis and explain your reasoning.",Acute liver failure (likely due to viral hepatitis or toxic liver injury)**
25,Alcoholic hepatitis,"Patient presents with vomiting, yellowish skin, abdominal pain, swelling of stomach, distention of abdomen, history of alcohol consumption, and fluid overload. Please determine the most likely diagnosis and explain your reasoning.",Alcoholic liver cirrhosis with decompensation
26,Tuberculosis,"Patient presents with chills, vomiting, fatigue, weight loss, cough, high fever, breathlessness, sweating, loss of appetite, mild fever, yellowing of eyes, swelled lymph nodes, malaise, phlegm, chest pain, and blood in sputum. Please determine the most likely diagnosis and explain your reasoning.",Pulmonary Tuberculosis (TB) with Disseminated/Miliary Involvement
27,Common Cold,"Patient presents with continuous sneezing, chills, fatigue, cough, high fever, headache, swelled lymph nodes, malaise, phlegm, throat irritation, redness of eyes, sinus pressure, runny nose, congestion, chest pain, loss of smell, and muscle pain. Please determine the most likely diagnosis and explain your reasoning.",COVID-19 with secondary sinusitis
28,Pneumonia,"Patient presents with chills, fatigue, cough, high fever, breathlessness, sweating, malaise, chest pain, fast heart rate, and rusty sputum. Please determine the most likely diagnosis and explain your reasoning.",Lobar pneumonia (likely *Streptococcus pneumoniae*)
29,Dimorphic hemmorhoids(piles),"Patient presents with constipation, pain during bowel movements, pain in anal region, bloody stool, and irritation in anus. Please determine the most likely diagnosis and explain your reasoning.",Anal fissure (likely acute or superficial)
30,Heart attack,"Patient presents with vomiting, breathlessness, sweating, and chest pain. Please determine the most likely diagnosis and explain your reasoning.",Acute Myocardial Infarction (AMI) / Heart Attack
31,Varicose veins,"Patient presents with fatigue, cramps, bruising, obesity, swollen legs, swollen blood vessels, and prominent veins on calf. Please determine the most likely diagnosis and explain your reasoning.",** Chronic Venous Insufficiency (CVI) with secondary lymphedema and stasis dermatitis.
32,Hypothyroidism,"Patient presents with fatigue, weight gain, cold hands and feets, mood swings, lethargy, dizziness, puffy face and eyes, enlarged thyroid, brittle nails, swollen extremeties, depression, irritability, and abnormal menstruation. Please determine the most likely diagnosis and explain your reasoning.",Hypothyroidism (likely Hashimoto's thyroiditis given the enlarged thyroid)
33,Hyperthyroidism,"Patient presents with fatigue, mood swings, weight loss, restlessness, sweating, diarrhoea, fast heart rate, excessive hunger, muscle weakness, irritability, and abnormal menstruation. Please determine the most likely diagnosis and explain your reasoning.",Hyperthyroidism (likely Graves' disease)
34,Hypoglycemia,"Patient presents with vomiting, fatigue, anxiety, sweating, headache, nausea, blurred and distorted vision, excessive hunger, slurred speech, irritability, and palpitations. Please determine the most likely diagnosis and explain your reasoning.",Hypoglycemia
35,Osteoarthristis,"Patient presents with joint pain, neck pain, knee pain, hip joint pain, swelling joints, and painful walking. Please determine the most likely diagnosis and explain your reasoning.",Rheumatoid Arthritis (RA)
36,Arthritis,"Patient presents with muscle weakness, stiff neck, swelling joints, movement stiffness, and painful walking. Please determine the most likely diagnosis and explain your reasoning.",Polymyalgia Rheumatica (PMR) with possible concomitant Giant Cell Arteritis (GCA).
37,(vertigo) Paroymsal  Positional Vertigo,"Patient presents with vomiting, headache, nausea, spinning movements, loss of balance, and unsteadiness. Please determine the most likely diagnosis and explain your reasoning.",Acute vestibular neuritis
38,Acne,"Patient presents with skin rash, pus filled pimples, blackheads, and scurring. Please determine the most likely diagnosis and explain your reasoning.",Acne vulgaris
39,Urinary tract infection,"Patient presents with burning micturition, bladder discomfort, foul smell of, urine, and continuous feel of urine. Please determine the most likely diagnosis and explain your reasoning.","Urinary tract infection (UTI), most likely cystitis."
40,Psoriasis,"Patient presents with skin rash, joint pain, skin peeling, silver like dusting, small dents in nails, and inflammatory nails. Please determine the most likely diagnosis and explain your reasoning.",Psoriasis (plaque psoriasis with psoriatic arthritis)
41,Impetigo,"Patient presents with skin rash, high fever, blister, red sore around nose, and yellow crust ooze. Please determine the most likely diagnosis and explain your reasoning.",Impetigo
